source_row_id,text_group_id,title,selection_context,selection_length_bucket,source_label
10308,text_926e5ede2732529b1087438c54e38f58662c825eecd9974bf841c4274962f55c,Customer Service Associate,Consumer Goods,medium,legitimate
11662,text_a60ce0c39dd32781ef817cd61eed914ae15e91ab960b9dc55eb1ee6c3396360f,Southend-on-Sea Traineeships Under NAS 16-18 Year Olds Only,Customer Service,short,legitimate
12066,text_867181b12d9da53c7191c172a19bbe6e93a1b8c5de15f1d70ef18855e7b6095d,Director of Operations - Weave The People,Information Technology,long,legitimate
13604,text_3d77853eaa72978a1ceb5b772fee9d7167b74f3eb5804e5d1ef16c465703fc3d,Client solutions manager,Photography,medium,legitimate
14350,text_69cad26f66bcdfb4d786578503215dfa0516f3f5461ce6d328c934ce0fae837f,Customer Service Advisor,Marketing and Advertising,medium,legitimate
14484,text_1105149b4f1f31244c8d68afc7a1d28b8ddcc04c7bed5ac601228e9d977bae7d,IS&T Customer Services Manager,Education Management,medium,legitimate
15523,text_3bd474b5920650c2cfb02264e25b66daa78893b838b833c8c5a55912e2633ffe,Corporate Controller,Real Estate,very_long,legitimate
15885,text_396e052fb6043f2c6f62fc0908a9794e8f3407263602e805a0c2c00d5dbb1ae4,Marketing - Admin Support,Retail,long,legitimate
16691,text_264268d089746995ce15342608abadb2443915127dba98896f91d155d044e832,Full-stack Web Engineer,Engineering,long,legitimate
2520,text_9b29c921c0fb0a6ff17b3811f97ebd1b73cd2714a80c70be10bb8547e0746780,Account Executive - Minneapolis,Computer Software,very_long,legitimate
3203,text_de37c2566030262e6d83561c9f3db674074fe4c8bf6d94dfebd1ee247e168c5c,Sr. VMWare Administrator,Financial Services,medium,legitimate
4581,text_a3d1d08c1cad1b25d6b23e0615906b501500b02ee616b29ba9f87179e5c17b72,Car Sales Executive,Automotive,long,legitimate
4889,text_ca2e3050e4c08988282198a69c6177eb8757072115881fa078c6616504748dbc,Health Teacher,Education,very_long,legitimate
5581,text_86af0522e6c9269791b2a6b9493e983519298e0cfcef134cfbbda172c09338e8,Software Engineer,Internet,short,legitimate
5931,text_752bef1d2939d8c1068ed5ff215b6330840978a21f075a8ec437bfef88eca8ce,Freelance Web Developer,Unknown context,short,legitimate
6199,text_e62ad573081db69ddbe60e56e03e81a90c8cf931d39d724f58451f0c0be5650c,Embedded Hardware Engineer,Consumer Electronics,medium,legitimate
6733,text_5ff855c8fb3453effbc590ba6eeeed2ad0e6cb530b01531bde79c91ca63c0df1,Customer Service Representative - Entry-Level Management,Consumer Services,very_long,legitimate
7192,text_2c26a2ec77beeafd1ef90deadb94064147bbd0bcd7a5926e17ab4e156310fb5e,Customer Service Associate,Legal Services,long,legitimate
8385,text_9ec188db536181977de70e4aecc90a6dcecdad2037586902287167efe25e1bf4,Sr. Business Process Analyst,Information Technology and Services,very_long,legitimate
9208,text_0c7643eaabfca240a6dfff8f783dfb17b71e6bf92596d5d1e018d9b3fcfbaf43,Forklift Operator,Warehousing,short,legitimate
