column,non_null_count,null_count,dtype,unique_values
title,17880,0,object,11231
location,17534,346,object,3105
department,6333,11547,object,1337
salary_range,2868,15012,object,874
company_profile,14572,3308,object,1710
description,17880,0,object,15095
requirements,15191,2689,object,12119
benefits,10684,7196,object,6510
telecommuting,17880,0,object,2
has_company_logo,17880,0,object,2
has_questions,17880,0,object,2
employment_type,14409,3471,object,5
required_experience,10830,7050,object,7
required_education,9775,8105,object,13
industry,12977,4903,object,131
function,11425,6455,object,37
fraudulent,17880,0,object,2
in_balanced_dataset,17880,0,object,2
