column,non_null_records,non_empty_records,missing_count,empty_or_whitespace_count,char_min,char_max,char_mean,char_median,word_min,word_max,word_mean,word_median
title,17880,17880,0,0,3,142,28.4,25.0,1,19,3.73,3.0
company_profile,14572,14572,3308,0,16,6450,851.3,709.0,3,959,131.39,109.0
description,17880,17880,0,0,10,55130,1438.56,1158.0,4,6800,217.91,180.0
requirements,15191,15191,2689,0,8,37994,860.85,667.0,2,4850,130.4,104.0
benefits,10684,10684,7196,0,6,19455,448.19,287.0,1,2366,70.36,46.0
location,17534,17534,346,0,2,161,15.47,15.0,1,22,3.06,3.0
department,6333,6327,11547,6,1,255,10.55,10.0,1,39,1.4,1.0
employment_type,14409,14409,3471,0,5,9,8.83,9.0,1,2,1.86,2.0
required_experience,10830,10830,7050,0,8,16,12.47,11.0,1,3,2.06,2.0
required_education,9775,9775,8105,0,9,33,17.77,17.0,1,4,2.85,3.0
industry,12977,12977,4903,0,5,36,19.24,18.0,1,4,2.24,2.0
function,11425,11425,6455,0,5,22,13.06,12.0,1,3,1.47,1.0
salary_range,2868,2868,15012,0,3,20,10.35,11.0,1,2,2.0,2.0
